,avg_medicare_pay_ratio,payed_to_requested_ratio
0,0.905890126026485,0.420014288512839
1,0.6555788455569712,0.75058217321215
2,0.973193066791233,0.21942844278762563
3,0.784834319115508,0.61785953266129
